Date,Open,High,Low,Close,Adj Close,Volume,Signals
2019-05-23,38.86800003051758,39.89400100708008,37.24399948120117,39.09799957275391,39.09799957275391,132735500,1
2019-05-24,39.96599960327149,39.99599838256836,37.75,38.1259994506836,38.1259994506836,70683000,-1
2019-05-28,38.2400016784668,39.0,37.56999969482422,37.7400016784668,37.7400016784668,51564500,-1
2019-05-29,37.41999816894531,38.47800064086914,37.007999420166016,37.97200012207031,37.97200012207031,59843000,-1
2019-05-30,37.75,38.45199966430664,37.40399932861328,37.64400100708008,37.64400100708008,39632500,-1
2019-05-31,37.02000045776367,37.98400115966797,36.81999969482422,37.03200149536133,37.03200149536133,52033500,-1
2019-06-03,37.10200119018555,37.33599853515625,35.39799880981445,35.79399871826172,35.79399871826172,65322000,-1
2019-06-04,36.22000122070313,38.79600143432617,35.92200088500977,38.72000122070313,38.72000122070313,69037500,1
2019-06-05,39.73600006103516,40.25600051879883,38.36999893188477,39.31800079345703,39.31800079345703,67554000,1
2019-06-06,40.88800048828125,42.20000076293945,40.36000061035156,41.18999862670898,41.18999862670898,101211000,1
2019-06-07,41.0,42.16799926757813,40.70000076293945,40.900001525878906,40.900001525878906,80017500,-1
2019-06-10,42.04999923706055,43.38800048828125,41.80199813842773,42.57600021362305,42.57600021362305,52925000,1
2019-06-11,43.82799911499024,44.18000030517578,42.70000076293945,43.41999816894531,43.41999816894531,58267500,1
2019-06-12,44.59000015258789,44.67599868774414,41.79999923706055,41.85200119018555,41.85200119018555,75987500,-1
2019-06-13,42.07600021362305,42.97999954223633,41.50199890136719,42.78200149536133,42.78200149536133,40841500,1
2019-06-14,42.25,43.33000183105469,42.08000183105469,42.98400115966797,42.98400115966797,37167000,1
2019-06-17,43.09600067138672,45.4000015258789,42.854000091552734,45.00600051879883,45.00600051879883,61584000,1
2019-06-18,45.74399948120117,46.94800186157226,44.512001037597656,44.948001861572266,44.948001861572266,63579000,-1
2019-06-19,45.02199935913086,45.55400085449219,44.21200180053711,45.2859992980957,45.2859992980957,32875500,1
2019-06-20,44.59999847412109,45.38000106811523,43.27000045776367,43.92399978637695,43.92399978637695,59317500,-1
2019-06-21,43.24399948120117,44.43600082397461,43.09999847412109,44.37200164794922,44.37200164794922,41010500,1
2019-06-24,44.64799880981445,45.17200088500977,44.20399856567383,44.72800064086914,44.72800064086914,28754000,1
2019-06-25,44.87799835205078,45.06800079345703,43.89799880981445,43.95199966430664,43.95199966430664,30910500,-1
2019-06-26,44.0620002746582,45.44599914550781,43.61999893188477,43.854000091552734,43.854000091552734,42536000,-1
2019-06-27,43.88999938964844,44.58000183105469,43.47000122070313,44.56800079345703,44.56800079345703,31698500,1
2019-06-28,44.198001861572266,45.03400039672852,44.15999984741211,44.69200134277344,44.69200134277344,34257000,1
2019-07-01,46.04199981689453,46.61999893188477,45.25600051879883,45.43399810791016,45.43399810791016,41067000,1
2019-07-02,45.77799987792969,45.83000183105469,44.44400024414063,44.90999984741211,44.90999984741211,46295000,-1
2019-07-03,47.87799835205078,48.31399917602539,46.9020004272461,46.97999954223633,46.97999954223633,71005500,1
2019-07-05,46.91400146484375,47.09000015258789,46.15999984741211,46.61999893188477,46.61999893188477,35328500,-1
2019-07-08,46.24800109863281,46.45000076293945,45.73199844360352,46.06800079345703,46.06800079345703,29402500,-1
2019-07-09,45.79399871826172,46.20000076293945,45.45600128173828,46.012001037597656,46.012001037597656,30954000,1
2019-07-10,46.83000183105469,47.78799819946289,46.62799835205078,47.78400039672852,47.78400039672852,45728500,1
2019-07-11,47.62799835205078,48.29999923706055,47.15999984741211,47.72000122070313,47.72000122070313,37572000,-1
2019-07-12,47.95000076293945,49.07600021362305,47.94200134277344,49.01599884033203,49.01599884033203,46002500,1
2019-07-15,49.59999847412109,50.88399887084961,48.97200012207031,50.70000076293945,50.70000076293945,55000500,1
2019-07-16,49.86000061035156,50.70600128173828,49.58599853515625,50.47600173950195,50.47600173950195,40745000,-1
2019-07-17,51.13399887084961,51.6619987487793,50.66999816894531,50.97200012207031,50.97200012207031,48823500,-1
2019-07-18,51.0099983215332,51.1500015258789,50.37799835205078,50.70800018310547,50.70800018310547,23793000,-1
2019-07-19,51.13800048828125,51.99200057983398,50.92399978637695,51.63600158691406,51.63600158691406,35242000,1
2019-07-22,51.75,52.43000030517578,50.8380012512207,51.13600158691406,51.13600158691406,34212000,-1
2019-07-23,51.34199905395508,52.09600067138672,50.9000015258789,52.03400039672852,52.03400039672852,25115500,1
2019-07-24,51.83399963378906,53.2140007019043,51.63199996948242,52.97600173950195,52.97600173950195,55364000,1
2019-07-25,46.70000076293945,46.9000015258789,45.11000061035156,45.76399993896485,45.76399993896485,112091500,-1
2019-07-26,45.38399887084961,46.05199813842773,44.45000076293945,45.60800170898438,45.60800170898438,50138500,-1
2019-07-29,45.41799926757813,47.1879997253418,45.20600128173828,47.15399932861328,47.15399932861328,46366500,1
2019-07-30,46.58000183105469,48.67200088500977,46.43600082397461,48.45199966430664,48.45199966430664,40545000,1
2019-07-31,48.59999847412109,49.33599853515625,47.33000183105469,48.321998596191406,48.321998596191406,45891000,1
2019-08-01,48.52999877929688,48.9020004272461,46.35400009155274,46.77000045776367,46.77000045776367,41297500,-1
2019-08-02,46.27000045776367,47.25400161743164,45.84600067138672,46.86800003051758,46.86800003051758,30682500,1
2019-08-05,45.91999816894531,46.27399826049805,45.15599822998047,45.66400146484375,45.66400146484375,35141500,-1
2019-08-06,46.3759994506836,46.5,45.1500015258789,46.1500015258789,46.1500015258789,27821000,-1
2019-08-07,45.29999923706055,46.7140007019043,45.15999984741211,46.68399810791016,46.68399810791016,23882500,1
2019-08-08,46.88999938964844,47.959999084472656,46.52999877929688,47.65999984741211,47.65999984741211,26371500,1
2019-08-09,47.209999084472656,47.79199981689453,46.762001037597656,47.00199890136719,47.00199890136719,19491000,-1
2019-08-12,46.59799957275391,47.15399932861328,45.75,45.80199813842773,45.80199813842773,23319500,-1
2019-08-13,45.762001037597656,47.20000076293945,45.5099983215332,47.0,47.0,24240500,1
2019-08-14,46.24200057983398,46.29999923706055,43.3380012512207,43.92399978637695,43.92399978637695,47813000,-1
2019-08-15,44.17200088500977,44.3120002746582,42.310001373291016,43.12799835205078,43.12799835205078,40798000,-1
2019-08-16,43.33200073242188,44.448001861572266,43.20399856567383,43.98799896240234,43.98799896240234,25492500,1
2019-08-19,44.84199905395508,45.56600189208984,44.34000015258789,45.36600112915039,45.36600112915039,26548000,1
2019-08-20,45.52399826049805,45.81800079345703,44.90800094604492,45.17200088500977,45.17200088500977,20626000,-1
2019-08-21,44.402000427246094,44.64400100708008,43.52000045776367,44.16600036621094,44.16600036621094,38971500,-1
2019-08-22,44.560001373291016,45.08000183105469,43.64400100708008,44.43000030517578,44.43000030517578,32795000,-1
2019-08-23,43.99399948120117,44.23400115966797,42.20000076293945,42.27999877929688,42.27999877929688,42693000,-1
2019-08-26,42.72000122070313,43.00400161743164,42.30799865722656,43.0,43.0,25259500,1
2019-08-27,43.14799880981445,43.7599983215332,42.40599822998047,42.81600189208984,42.81600189208984,27081000,-1
2019-08-28,42.73799896240234,43.45000076293945,42.46200180053711,43.11800003051758,43.11800003051758,16127500,1
2019-08-29,43.79999923706055,44.68000030517578,43.59999847412109,44.34199905395508,44.34199905395508,25897500,1
2019-08-30,45.83000183105469,46.48799896240234,44.84199905395508,45.12200164794922,45.12200164794922,46603000,1
2019-09-03,44.81600189208984,45.790000915527344,44.63199996948242,45.00199890136719,45.00199890136719,26770500,1
2019-09-04,45.37799835205078,45.69200134277344,43.84199905395508,44.13600158691406,44.13600158691406,28805000,-1
2019-09-05,44.5,45.959999084472656,44.16999816894531,45.91600036621094,45.91600036621094,36976500,1
2019-09-06,45.43999862670898,45.928001403808594,45.03400039672852,45.4900016784668,45.4900016784668,20947000,-1
2019-09-09,46.0,46.75199890136719,45.84600067138672,46.35800170898438,46.35800170898438,24013500,1
2019-09-10,46.15999984741211,47.10800170898438,45.78799819946289,47.10800170898438,47.10800170898438,24418500,1
2019-09-11,47.47600173950195,49.63399887084961,47.20000076293945,49.41999816894531,49.41999816894531,50214000,1
2019-09-12,49.540000915527344,50.70000076293945,48.88000106811523,49.17399978637695,49.17399978637695,42906000,-1
2019-09-13,49.39199829101562,49.68999862670898,48.9739990234375,49.040000915527344,49.040000915527344,26565500,-1
2019-09-16,49.20000076293945,49.48600006103516,48.23400115966797,48.5620002746582,48.5620002746582,23640500,-1
2019-09-17,48.49399948120117,49.11999893188477,48.07400131225586,48.95800018310547,48.95800018310547,19327000,1
2019-09-18,49.0,49.63399887084961,48.4739990234375,48.69800186157226,48.69800186157226,20851000,-1
2019-09-19,49.20000076293945,49.5880012512207,48.96799850463867,49.31999969482422,49.31999969482422,23979000,1
2019-09-20,49.29800033569336,49.38999938964844,47.63199996948242,48.124000549316406,48.124000549316406,31765000,-1
2019-09-23,48.0,49.0359992980957,47.84400177001953,48.24599838256836,48.24599838256836,21701000,1
2019-09-24,48.30400085449219,48.39799880981445,44.52199935913086,44.641998291015625,44.641998291015625,64457500,-1
2019-09-25,44.9119987487793,45.79600143432617,43.67200088500977,45.7400016784668,45.7400016784668,47135500,1
2019-09-26,46.13199996948242,48.6619987487793,45.47999954223633,48.512001037597656,48.512001037597656,59422500,1
2019-09-27,48.43999862670898,49.74200057983398,47.74599838256836,48.42599868774414,48.42599868774414,55582000,-1
2019-09-30,48.59999847412109,48.79600143432617,47.22200012207031,48.17399978637695,48.17399978637695,29399000,-1
2019-10-01,48.29999923706055,49.18999862670898,47.82600021362305,48.9379997253418,48.9379997253418,30813000,1
2019-10-02,48.65800094604492,48.93000030517578,47.88600158691406,48.6259994506836,48.6259994506836,28157000,-1
2019-10-03,46.37200164794922,46.89599990844727,44.85599899291992,46.60599899291992,46.60599899291992,75422500,-1
2019-10-04,46.321998596191406,46.95600128173828,45.61399841308594,46.2859992980957,46.2859992980957,39975000,-1
2019-10-07,45.959999084472656,47.71200180053711,45.709999084472656,47.54399871826172,47.54399871826172,40321000,1
2019-10-08,47.17399978637695,48.78799819946289,46.9000015258789,48.0099983215332,48.0099983215332,43391000,1
2019-10-09,48.26399993896485,49.459999084472656,48.13000106811523,48.90599822998047,48.90599822998047,34472000,1
2019-10-10,49.05599975585938,49.85599899291992,48.31600189208984,48.94800186157226,48.94800186157226,31416500,1
2019-10-11,49.43000030517578,50.21599960327149,49.36199951171875,49.57799911499024,49.57799911499024,42377000,1
2019-10-14,49.58000183105469,51.709999084472656,49.42599868774414,51.39199829101562,51.39199829101562,51025000,1
2019-10-15,51.540000915527344,52.0,50.82400131225586,51.57799911499024,51.57799911499024,32164000,1
2019-10-16,51.47800064086914,52.41999816894531,51.38399887084961,51.95000076293945,51.95000076293945,33420500,1
2019-10-17,52.5,52.95600128173828,52.03400039672852,52.39400100708008,52.39400100708008,23846500,1
2019-10-18,52.13999938964844,52.56000137329102,51.02000045776367,51.38999938964844,51.38999938964844,28749000,-1
2019-10-21,51.66600036621094,51.9000015258789,50.0359992980957,50.70000076293945,50.70000076293945,25101500,-1
2019-10-22,50.86399841308594,51.66600036621094,50.16999816894531,51.11600112915039,51.11600112915039,23004000,1
2019-10-23,50.9000015258789,51.22800064086914,50.27000045776367,50.93600082397461,50.93600082397461,26305500,1
2019-10-24,59.67399978637695,60.98600006103516,57.84000015258789,59.93600082397461,59.93600082397461,148604500,1
2019-10-25,59.54399871826172,66.0,59.22200012207031,65.62599945068361,65.62599945068361,150030500,1
2019-10-28,65.50800323486328,68.16799926757811,64.51999664306639,65.54199981689453,65.54199981689453,94351500,-1
2019-10-29,63.99800109863281,64.86000061035156,62.95000076293945,63.24399948120117,63.24399948120117,63421500,-1
2019-10-30,62.59999847412109,63.75799942016602,61.99399948120117,63.00199890136719,63.00199890136719,48209000,-1
2019-10-31,62.61999893188477,63.79999923706055,62.59999847412109,62.98400115966797,62.98400115966797,25335000,-1
2019-11-01,63.26399993896485,63.29600143432617,61.959999084472656,62.6619987487793,62.6619987487793,31919500,-1
2019-11-04,62.959999084472656,64.38800048828125,61.85200119018555,63.49399948120117,63.49399948120117,43935000,1
2019-11-05,63.92399978637695,64.70200347900389,63.2239990234375,63.44400024414063,63.44400024414063,34717000,-1
2019-11-06,63.59999847412109,65.34400177001953,62.9000015258789,65.31600189208984,65.31600189208984,39704500,1
2019-11-07,65.8280029296875,68.30000305175781,65.60399627685547,67.10800170898439,67.10800170898439,72336500,1
2019-11-08,66.90000152587889,67.49199676513672,66.5,67.42800140380861,67.42800140380861,30346000,1
2019-11-11,68.79000091552734,69.83799743652344,68.40000152587889,69.01799774169922,69.01799774169922,49933500,1
2019-11-12,69.37999725341797,70.07399749755861,68.80799865722656,69.98600006103516,69.98600006103516,36797000,1
2019-11-13,71.0,71.26599884033203,69.03600311279297,69.22200012207031,69.22200012207031,42100500,-1
2019-11-14,69.22200012207031,70.76799774169922,68.58200073242189,69.87000274658203,69.87000274658203,32324500,1
2019-11-15,70.12799835205078,70.55999755859375,69.6719970703125,70.43399810791016,70.43399810791016,24045000,1
2019-11-18,70.58399963378906,70.62999725341797,69.22000122070311,69.99800109863281,69.99800109863281,22002000,-1
2019-11-19,70.34999847412111,71.99800109863281,69.55999755859375,71.90399932861328,71.90399932861328,38624000,1
2019-11-20,72.0,72.23999786376953,69.91400146484375,70.44400024414062,70.44400024414062,33625500,-1
2019-11-21,70.9020004272461,72.16799926757812,70.80000305175781,70.96600341796875,70.96600341796875,30550000,1
2019-11-22,68.03199768066406,68.19999694824219,66.0,66.60800170898439,66.60800170898439,84353000,-1
2019-11-25,68.86399841308594,68.91400146484375,66.89199829101561,67.26799774169922,67.26799774169922,61697500,-1
2019-11-26,67.05400085449219,67.09999847412111,65.41999816894531,65.78399658203125,65.78399658203125,39737000,-1
2019-11-27,66.2239990234375,66.78600311279297,65.71399688720703,66.25800323486328,66.25800323486328,27778000,1
2019-11-29,66.22200012207031,66.25199890136719,65.5,65.98799896240234,65.98799896240234,12328000,-1
2019-12-02,65.87999725341797,67.2760009765625,65.73799896240234,66.9739990234375,66.9739990234375,30372500,1
2019-12-03,66.52400207519531,67.58200073242189,66.43800354003906,67.23999786376953,67.23999786376953,32868500,1
2019-12-04,67.55000305175781,67.57199859619139,66.56999969482422,66.60600280761719,66.60600280761719,27665000,-1
2019-12-05,66.56600189208984,66.88400268554689,65.44999694824219,66.07399749755861,66.07399749755861,18623000,-1
2019-12-06,67.0,67.77200317382811,66.95400238037111,67.17800140380861,67.17800140380861,38062000,1
2019-12-09,67.31800079345703,68.88999938964844,67.01599884033203,67.90599822998047,67.90599822998047,45115500,1
2019-12-10,67.99199676513672,70.14600372314453,67.86199951171875,69.76799774169922,69.76799774169922,44141500,1
2019-12-11,70.3759994506836,71.43800354003906,70.21800231933594,70.54000091552734,70.54000091552734,34489000,1
2019-12-12,70.98400115966797,72.5479965209961,70.64600372314453,71.93599700927734,71.93599700927734,38819500,1
2019-12-13,72.20999908447266,73.04199981689453,70.9280014038086,71.6780014038086,71.6780014038086,32854500,-1
2019-12-16,72.51000213623047,76.72200012207031,72.5,76.30000305175781,76.30000305175781,90871000,1
2019-12-17,75.7979965209961,77.0999984741211,75.18000030517578,75.7979965209961,75.7979965209961,42484000,-1
2019-12-18,76.1259994506836,79.04399871826172,76.11599731445312,78.62999725341797,78.62999725341797,70605000,1
2019-12-19,79.46399688720703,81.37000274658203,79.30000305175781,80.80799865722656,80.80799865722656,90535500,1
2019-12-20,82.05799865722656,82.5999984741211,80.03800201416016,81.11799621582031,81.11799621582031,73763500,1
2019-12-23,82.35600280761719,84.4020004272461,82.0,83.84400177001953,83.84400177001953,66598000,1
2019-12-24,83.6719970703125,85.09400177001953,82.53800201416016,85.05000305175781,85.05000305175781,40273500,1
2019-12-26,85.58200073242188,86.69599914550781,85.2699966430664,86.18800354003906,86.18800354003906,53169500,1
2019-12-27,87.0,87.06199645996094,85.22200012207031,86.07599639892578,86.07599639892578,49728500,1
2019-12-30,85.75800323486328,85.80000305175781,81.85199737548828,82.94000244140625,82.94000244140625,62932000,-1
2019-12-31,81.0,84.25800323486328,80.41600036621094,83.66600036621094,83.66600036621094,51428500,1
2020-01-02,84.9000015258789,86.13999938964844,84.34200286865234,86.052001953125,86.052001953125,47660500,1
2020-01-03,88.0999984741211,90.8000030517578,87.38400268554688,88.60199737548828,88.60199737548828,88892500,1
2020-01-06,88.09400177001953,90.31199645996094,88.0,90.30799865722656,90.30799865722656,50665000,1
2020-01-07,92.27999877929688,94.32599639892578,90.6719970703125,93.81199645996094,93.81199645996094,89410500,1
2020-01-08,94.73999786376952,99.697998046875,93.64600372314452,98.4280014038086,98.4280014038086,155721500,1
2020-01-09,99.41999816894533,99.76000213623048,94.5739974975586,96.26799774169922,96.26799774169922,142202000,-1
2020-01-10,96.35800170898438,96.98799896240234,94.73999786376952,95.62999725341795,95.62999725341795,64797500,-1
2020-01-13,98.6999969482422,105.1259994506836,98.4000015258789,104.97200012207033,104.97200012207033,132588000,1
2020-01-14,108.85199737548828,109.48200225830078,104.9800033569336,107.58399963378906,107.58399963378906,144981000,1
2020-01-15,105.9520034790039,107.56800079345705,103.35800170898438,103.6999969482422,103.6999969482422,86844000,-1
2020-01-16,98.75,102.89199829101562,98.43399810791016,102.697998046875,102.697998046875,108683500,1
2020-01-17,101.52200317382812,103.13400268554688,100.63200378417967,102.0999984741211,102.0999984741211,68145500,-1
2020-01-21,106.0500030517578,109.71600341796876,105.68199920654295,109.44000244140624,109.44000244140624,89017500,1
2020-01-22,114.37799835205078,118.9000015258789,111.81999969482422,113.91200256347656,113.91200256347656,156845000,1
2020-01-23,112.8499984741211,116.4000015258789,111.12000274658205,114.44000244140624,114.44000244140624,98255000,1
2020-01-24,114.1259994506836,114.77200317382812,110.85199737548828,112.96399688720705,112.96399688720705,71768000,-1
2020-01-27,108.39800262451172,112.88800048828124,107.8560028076172,111.60399627685548,111.60399627685548,68040500,-1
2020-01-28,113.697998046875,115.36199951171876,111.61599731445312,113.37999725341795,113.37999725341795,58942500,1
2020-01-29,115.13800048828124,117.95999908447266,113.48600006103516,116.197998046875,116.197998046875,89007500,1
2020-01-30,126.48400115966795,130.17599487304688,123.5999984741211,128.16200256347656,128.16200256347656,145028500,1
2020-01-31,128.0,130.60000610351562,126.50399780273438,130.11399841308594,130.11399841308594,78596500,1
2020-02-03,134.73800659179688,157.22799682617188,134.70399475097656,156.0,156.0,235325000,1
2020-02-04,176.5919952392578,193.79800415039065,166.7760009765625,177.41200256347656,177.41200256347656,304694000,1
2020-02-05,164.65199279785156,169.1959991455078,140.82200622558594,146.94000244140625,146.94000244140625,242119000,-1
2020-02-06,139.98399353027344,159.16600036621094,137.39999389648438,149.79200744628906,149.79200744628906,199404000,1
2020-02-07,146.11000061035156,153.9499969482422,146.0,149.61399841308594,149.61399841308594,85317500,-1
2020-02-10,160.0,163.9980010986328,150.47999572753906,154.25599670410156,154.25599670410156,123446000,1
2020-02-11,153.75799560546875,156.70199584960938,151.60000610351562,154.87600708007812,154.87600708007812,58487500,1
2020-02-12,155.57400512695312,157.9499969482422,152.6739959716797,153.45799255371094,153.45799255371094,60112500,-1
2020-02-13,148.3679962158203,163.60000610351562,147.0,160.8000030517578,160.8000030517578,131446500,1
2020-02-14,157.44400024414062,162.593994140625,157.10000610351562,160.00599670410156,160.00599670410156,78468500,-1
2020-02-18,168.32000732421875,172.0,166.4720001220703,171.67999267578125,171.67999267578125,81908500,1
2020-02-19,184.6999969482422,188.9559936523437,180.20399475097656,183.48399353027344,183.48399353027344,127115000,1
2020-02-20,182.38999938964844,182.3999938964844,171.98800659179688,179.8820037841797,179.8820037841797,88174500,-1
2020-02-21,181.39599609375,182.61199951171875,176.08999633789062,180.1999969482422,180.1999969482422,71574000,-1
2020-02-24,167.8000030517578,172.6999969482422,164.44000244140625,166.75799560546875,166.75799560546875,75961000,-1
2020-02-25,169.8000030517578,171.32000732421875,157.39999389648438,159.98199462890625,159.98199462890625,86452500,-1
2020-02-26,156.5,162.66200256347656,155.2220001220703,155.75999450683594,155.75999450683594,70427500,-1
2020-02-27,146.0,147.95399475097656,133.80000305175778,135.80000305175778,135.80000305175778,121386000,-1
2020-02-28,125.94000244140624,138.10400390625,122.3040008544922,133.59800720214844,133.59800720214844,121114500,-1
2020-03-02,142.2519989013672,148.73800659179688,137.33399963378906,148.7239990234375,148.7239990234375,100975000,1
2020-03-03,161.0,161.39599609375,143.2220001220703,149.1020050048828,149.1020050048828,128920000,-1
2020-03-04,152.79200744628906,153.3040008544922,144.9459991455078,149.89999389648438,149.89999389648438,75245000,1
2020-03-05,144.75399780273438,149.14999389648438,143.61399841308594,144.9080047607422,144.9080047607422,54263500,-1
2020-03-06,138.0,141.39999389648438,136.85400390625,140.69599914550778,140.69599914550778,63314500,-1
2020-03-09,121.0780029296875,132.60000610351562,121.0,121.5999984741211,121.5999984741211,85368500,-1
2020-03-10,131.88600158691406,133.60000610351562,121.5999984741211,129.06599426269528,129.06599426269528,77972000,-1
2020-03-11,128.03999328613278,130.71600341796878,122.5999984741211,126.84600067138672,126.84600067138672,66612500,-1
2020-03-12,116.1780014038086,118.9000015258789,109.25,112.11000061035156,112.11000061035156,94545500,-1
2020-03-13,119.0,121.51399993896484,100.4000015258789,109.3239974975586,109.3239974975586,113201500,-1
2020-03-16,93.9000015258789,98.9739990234375,88.43399810791016,89.01399993896484,89.01399993896484,102447500,-1
2020-03-17,88.00199890136719,94.37000274658205,79.19999694824219,86.04000091552734,86.04000091552734,119973000,-1
2020-03-18,77.80000305175781,80.97200012207031,70.10199737548828,72.24400329589844,72.24400329589844,118931000,-1
2020-03-19,74.94000244140625,90.4000015258789,71.69200134277344,85.52799987792969,85.52799987792969,150977500,1
2020-03-20,87.63999938964844,95.4000015258789,85.15799713134766,85.50599670410156,85.50599670410156,141427500,1
2020-03-23,86.72000122070312,88.4000015258789,82.0999984741211,86.85800170898438,86.85800170898438,82272500,1
2020-03-24,95.45999908447266,102.73799896240234,94.8000030517578,101.0,101.0,114476000,1
2020-03-25,109.0500030517578,111.4000015258789,102.22200012207033,107.8499984741211,107.8499984741211,106113500,1
2020-03-26,109.47799682617188,112.0,102.4499969482422,105.63200378417967,105.63200378417967,86903500,-1
2020-03-27,101.0,105.16000366210938,98.80599975585938,102.87200164794922,102.87200164794922,71887000,-1
2020-03-30,102.052001953125,103.33000183105467,98.24600219726562,100.4260025024414,100.4260025024414,59990500,-1
2020-03-31,100.25,108.59200286865234,99.4000015258789,104.8000030517578,104.8000030517578,88857500,1
2020-04-01,100.8000030517578,102.79000091552734,95.0199966430664,96.31199645996094,96.31199645996094,66766000,-1
2020-04-02,96.20600128173828,98.85199737548828,89.27999877929688,90.8939971923828,90.8939971923828,99292000,-1
2020-04-03,101.9000015258789,103.0979995727539,93.6780014038086,96.0019989013672,96.0019989013672,112810500,-1
2020-04-06,102.23999786376952,104.1999969482422,99.59200286865234,103.2480010986328,103.2480010986328,74509000,1
2020-04-07,109.0,113.0,106.46800231933594,109.08999633789062,109.08999633789062,89599000,1
2020-04-08,110.83999633789062,111.44200134277344,106.66600036621094,109.76799774169922,109.76799774169922,63280000,1
2020-04-09,112.41799926757812,115.03600311279295,111.4219970703125,114.5999984741211,114.5999984741211,68250000,1
2020-04-13,118.03199768066406,130.39999389648438,116.1060028076172,130.19000244140622,130.19000244140622,112377000,1
2020-04-14,139.79400634765622,148.37600708007812,138.48599243164062,141.97799682617188,141.97799682617188,152882500,1
2020-04-15,148.39999389648438,150.62600708007812,142.0,145.96600341796875,145.96600341796875,117885000,1
2020-04-16,143.38800048828125,151.88999938964844,141.343994140625,149.04200744628906,149.04200744628906,103289500,1
2020-04-17,154.45599365234375,154.99000549316406,149.53199768066406,150.7779998779297,150.7779998779297,65641000,1
2020-04-20,146.5399932861328,153.11399841308594,142.44200134277344,149.27200317382812,149.27200317382812,73733000,-1
2020-04-21,146.0240020751953,150.66600036621094,134.75799560546878,137.343994140625,137.343994140625,101045500,-1
2020-04-22,140.79600524902344,146.8000030517578,137.74200439453122,146.4219970703125,146.4219970703125,70827500,1
2020-04-23,145.52000427246094,146.8000030517578,140.62600708007812,141.12600708007812,141.12600708007812,66183500,-1
2020-04-24,142.16200256347656,146.14599609375,139.63600158691406,145.02999877929688,145.02999877929688,66060000,1
2020-04-27,147.52200317382812,159.8979949951172,147.0,159.75,159.75,103407000,1
2020-04-28,159.1280059814453,161.0,151.33799743652344,153.82400512695312,153.82400512695312,76110000,-1
2020-04-29,158.03399658203125,160.63999938964844,156.6320037841797,160.1020050048828,160.1020050048828,81080000,1
2020-04-30,171.03799438476562,173.96400451660156,152.6999969482422,156.37600708007812,156.37600708007812,142359500,-1
2020-05-01,151.0,154.5540008544922,136.60800170898438,140.26400756835938,140.26400756835938,162659000,-1
2020-05-04,140.19999694824222,152.39999389648438,139.60000610351562,152.23800659179688,152.23800659179688,96185500,1
2020-05-05,157.95799255371094,159.78399658203125,152.43600463867188,153.64199829101562,153.64199829101562,84958500,-1
2020-05-06,155.3000030517578,157.9600067138672,152.2220001220703,156.51600646972656,156.51600646972656,55616000,1
2020-05-07,155.44200134277344,159.27999877929688,154.47000122070312,156.00799560546875,156.00799560546875,57638500,1
2020-05-08,158.75399780273438,164.8000030517578,157.40199279785156,163.88400268554688,163.88400268554688,80432500,1
2020-05-11,158.1020050048828,164.8000030517578,157.0,162.25799560546875,162.25799560546875,82598000,1
2020-05-12,165.39999389648438,168.6580047607422,161.60000610351562,161.8820037841797,161.8820037841797,79534500,-1
2020-05-13,164.16600036621094,165.1999969482422,152.66000366210938,158.19200134277344,158.19200134277344,95327500,-1
2020-05-14,156.0,160.6719970703125,152.8000030517578,160.66600036621094,160.66600036621094,68411000,1
2020-05-15,158.07000732421875,161.00999450683594,157.30999755859375,159.83399963378906,159.83399963378906,52592000,1
2020-05-18,165.55599975585938,166.94400024414062,160.7760009765625,162.7259979248047,162.7259979248047,58329000,-1
2020-05-19,163.03399658203125,164.41400146484375,161.21600341796875,161.6020050048828,161.6020050048828,48182500,-1
2020-05-20,164.10000610351562,165.1999969482422,162.36000061035156,163.11199951171875,163.11199951171875,36546500,-1
2020-05-21,163.1999969482422,166.5,159.1999969482422,165.52000427246094,165.52000427246094,61273000,1
2020-05-22,164.4340057373047,166.3560028076172,162.39999389648438,163.37600708007812,163.37600708007812,49937500,-1
2020-05-26,166.89999389648438,166.9199981689453,163.14199829101562,163.7740020751953,163.7740020751953,40448500,-1
2020-05-27,164.1719970703125,165.54200744628906,157.0,164.04600524902344,164.04600524902344,57747500,1
2020-05-28,162.70199584960938,164.9499969482422,160.33799743652344,161.16200256347656,161.16200256347656,36278000,-1
2020-05-29,161.75,167.0,160.8419952392578,167.0,167.0,58822500,1
2020-06-01,171.60000610351562,179.8000030517578,170.82000732421875,179.6199951171875,179.6199951171875,74697500,1
2020-06-02,178.94000244140625,181.73199462890625,174.1999969482422,176.31199645996094,176.31199645996094,67828000,-1
2020-06-03,177.62399291992188,179.58799743652344,176.02000427246094,176.5919952392578,176.5919952392578,39747500,-1
2020-06-04,177.9759979248047,179.14999389648438,171.68800354003906,172.87600708007812,172.87600708007812,44438500,-1
2020-06-05,175.5679931640625,177.3040008544922,173.24000549316406,177.1320037841797,177.1320037841797,39059500,1
2020-06-08,183.8000030517578,190.0,181.83200073242188,189.98399353027344,189.98399353027344,70873500,1
2020-06-09,188.0019989013672,190.88800048828125,184.78599548339844,188.13400268554688,188.13400268554688,56941000,-1
2020-06-10,198.3760070800781,205.4960021972656,196.5,205.009994506836,205.009994506836,92817000,1
2020-06-11,198.0399932861328,203.79200744628903,194.3999938964844,194.5679931640625,194.5679931640625,79582500,-1
2020-06-12,196.0,197.5959930419922,182.5200042724609,187.05599975585935,187.05599975585935,83817000,-1
2020-06-15,183.55799865722656,199.7680053710937,181.6999969482422,198.17999267578125,198.17999267578125,78486000,1
2020-06-16,202.3699951171875,202.5760040283203,192.47799682617188,196.42599487304688,196.42599487304688,70255500,-1
2020-06-17,197.54200744628903,201.0,196.51400756835935,198.3580017089844,198.3580017089844,49454000,1
2020-06-18,200.6000061035156,203.83999633789065,198.8939971923828,200.79200744628903,200.79200744628903,48759500,1
2020-06-19,202.55599975585935,203.19400024414065,198.2680053710937,200.17999267578125,200.17999267578125,43398500,-1
2020-06-22,199.9900054931641,201.7760009765625,198.0039978027344,198.863998413086,198.863998413086,31812000,-1
2020-06-23,199.7760009765625,202.3999938964844,198.802001953125,200.3560028076172,200.3560028076172,31826500,1
2020-06-24,198.822006225586,200.17599487304688,190.6280059814453,192.1699981689453,192.1699981689453,54798000,-1
2020-06-25,190.85400390625,197.1959991455078,187.42999267578125,197.1959991455078,197.1959991455078,46272500,1
2020-06-26,198.9559936523437,199.0,190.9739990234375,191.947998046875,191.947998046875,44274500,-1
2020-06-29,193.802001953125,202.0,189.70399475097656,201.8699951171875,201.8699951171875,45132000,1
2020-06-30,201.3000030517578,217.5379943847656,200.7460021972656,215.9620056152344,215.9620056152344,84592500,1
2020-07-01,216.6000061035156,227.0659942626953,216.1000061035156,223.92599487304688,223.92599487304688,66634500,1
2020-07-02,244.29600524902344,245.6000061035156,237.1199951171875,241.73199462890625,241.73199462890625,86250500,1
2020-07-06,255.33799743652344,275.5580139160156,253.2079925537109,274.31600952148443,274.31600952148443,102849500,1
2020-07-07,281.00201416015625,285.8999938964844,267.34201049804693,277.97198486328125,277.97198486328125,107448500,1
2020-07-08,281.0,283.4519958496094,262.2680053710937,273.17599487304693,273.17599487304693,81556500,-1
2020-07-09,279.39801025390625,281.7120056152344,270.25601196289057,278.85598754882807,278.85598754882807,58588000,1
2020-07-10,279.20001220703125,309.78399658203125,275.20199584960943,308.92999267578125,308.92999267578125,116688000,1
2020-07-13,331.79998779296875,358.9979858398437,294.22198486328125,299.4119873046875,299.4119873046875,194927000,-1
2020-07-14,311.20001220703125,318.0,286.20001220703125,303.3599853515625,303.3599853515625,117090500,1
2020-07-15,308.6000061035156,310.0,291.3999938964844,309.2019958496094,309.2019958496094,81839000,1
2020-07-16,295.4320068359375,306.3420104980469,293.20001220703125,300.12799072265625,300.12799072265625,71504000,-1
2020-07-17,302.69000244140625,307.50201416015625,298.0,300.1679992675781,300.1679992675781,46650000,-1
2020-07-20,303.802001953125,330.0,297.6000061035156,328.6000061035156,328.6000061035156,85607000,1
2020-07-21,327.9859924316406,335.0,311.6000061035156,313.6719970703125,313.6719970703125,80536000,-1
2020-07-22,319.79998779296875,325.28399658203125,312.3999938964844,318.46600341796875,318.46600341796875,70805500,1
2020-07-23,335.7900085449219,337.79998779296875,296.15399169921875,302.614013671875,302.614013671875,121642500,-1
2020-07-24,283.2019958496094,293.0,273.3080139160156,283.3999938964844,283.3999938964844,96983000,-1
2020-07-27,287.0,309.5880126953125,282.6000061035156,307.9200134277344,307.9200134277344,80243500,1
2020-07-28,300.79998779296875,312.94000244140625,294.8840026855469,295.2980041503906,295.2980041503906,79043500,-1
2020-07-29,300.20001220703125,306.9620056152344,297.3999938964844,299.8219909667969,299.8219909667969,47134500,1
2020-07-30,297.6000061035156,302.64801025390625,294.20001220703125,297.4979858398437,297.4979858398437,38105000,1
2020-07-31,303.0,303.4100036621094,284.1960144042969,286.1520080566406,286.1520080566406,61041000,-1
2020-08-03,289.8399963378906,301.9620056152344,288.8760070800781,297.0,297.0,44046500,1
2020-08-04,299.00201416015625,305.48199462890625,292.3999938964844,297.3999938964844,297.3999938964844,42075000,1
2020-08-05,298.5979919433594,299.9679870605469,293.6619873046875,297.0039978027344,297.0039978027344,24739000,-1
2020-08-06,298.1659851074219,303.4620056152344,295.4519958496094,297.9159851074219,297.9159851074219,29961500,1
2020-08-07,299.9079895019531,299.95001220703125,283.00201416015625,290.5419921875,290.5419921875,44482000,-1
2020-08-10,289.6000061035156,291.5,277.16799926757807,283.7139892578125,283.7139892578125,37611500,-1
2020-08-11,279.20001220703125,284.0,273.0,274.87799072265625,274.87799072265625,43129000,-1
2020-08-12,294.0,317.0,287.0,310.9519958496094,310.9519958496094,109147000,1
2020-08-13,322.20001220703125,330.2359924316406,313.4519958496094,324.20001220703125,324.20001220703125,102126500,1
2020-08-14,332.9979858398437,333.760009765625,325.3280029296875,330.1419982910156,330.1419982910156,62888000,1
2020-08-17,335.3999938964844,369.1719970703125,334.5660095214844,367.12799072265625,367.12799072265625,101211500,1
2020-08-18,379.7980041503906,384.7799987792969,369.0220031738281,377.4179992675781,377.4179992675781,82372500,1
2020-08-19,373.0,382.2000122070313,368.2420043945313,375.70599365234375,375.70599365234375,61026500,1
2020-08-20,372.135986328125,404.3980102539063,371.4119873046875,400.3659973144531,400.3659973144531,103059000,1
2020-08-21,408.9519958496094,419.0979919433594,405.010009765625,409.9960021972656,409.9960021972656,107448000,1
2020-08-24,425.2560119628906,425.7999877929688,385.5039978027344,402.8399963378906,402.8399963378906,100318000,-1
2020-08-25,394.9779968261719,405.5899963378906,393.6000061035156,404.6679992675781,404.6679992675781,53294500,1
2020-08-26,412.0,433.2000122070313,410.72601318359375,430.6340026855469,430.6340026855469,71197000,1
2020-08-27,436.0920104980469,459.1199951171875,428.5,447.75,447.75,118465000,1
2020-08-28,459.0239868164063,463.697998046875,437.3039855957031,442.6799926757813,442.6799926757813,100406000,-1
2020-08-31,444.6099853515625,500.1400146484375,440.1099853515625,498.3200073242188,498.3200073242188,118374400,1
2020-09-01,502.1400146484375,502.489990234375,470.510009765625,475.0499877929688,475.0499877929688,89841100,-1
2020-09-02,478.989990234375,479.0400085449219,405.1199951171875,447.3699951171875,447.3699951171875,96176100,-1
2020-09-03,407.2300109863281,431.7999877929688,402.0,407.0,407.0,87596100,-1
2020-09-04,402.80999755859375,428.0,372.0199890136719,418.3200073242188,418.3200073242188,110321900,1
2020-09-08,356.0,368.739990234375,329.8800048828125,330.2099914550781,330.2099914550781,115465700,-1
2020-09-09,356.6000061035156,369.0,341.510009765625,366.2799987792969,366.2799987792969,79465800,1
2020-09-10,386.2099914550781,398.989990234375,360.55999755859375,371.3399963378906,371.3399963378906,84930600,1
2020-09-11,381.9400024414063,382.5,360.5,372.7200012207031,372.7200012207031,60717500,-1
2020-09-14,380.9500122070313,420.0,373.2999877929688,419.6199951171875,419.6199951171875,83020600,1
2020-09-15,436.55999755859375,461.9400024414063,430.7000122070313,449.760009765625,449.760009765625,97298200,1
2020-09-16,439.8699951171875,457.7900085449219,435.30999755859375,441.760009765625,441.760009765625,72279300,-1
2020-09-17,415.6000061035156,437.7900085449219,408.0,423.4299926757813,423.4299926757813,76779200,-1
2020-09-18,447.9400024414063,451.0,428.7999877929688,442.1499938964844,442.1499938964844,86406800,-1
2020-09-21,453.1300048828125,455.6799926757813,407.0700073242188,449.3900146484375,449.3900146484375,109476800,-1
2020-09-22,429.6000061035156,437.760009765625,417.6000061035156,424.2300109863281,424.2300109863281,79580800,-1
2020-09-23,405.1600036621094,412.1499938964844,375.8800048828125,380.3599853515625,380.3599853515625,95074200,-1
2020-09-24,363.7999877929688,399.5,351.29998779296875,387.7900085449219,387.7900085449219,96561100,1
2020-09-25,393.4700012207031,408.7300109863281,391.2999877929688,407.3399963378906,407.3399963378906,67208500,1
2020-09-28,424.6199951171875,428.0799865722656,415.5499877929688,421.2000122070313,421.2000122070313,49719600,-1
2020-09-29,416.0,428.5,411.6000061035156,419.0700073242188,419.0700073242188,50219300,1
2020-09-30,421.3200073242188,433.9299926757813,420.4700012207031,429.010009765625,429.010009765625,48145600,1
2020-10-01,440.760009765625,448.8800048828125,434.4200134277344,448.1600036621094,448.1600036621094,50741500,1
2020-10-02,421.3900146484375,439.1300048828125,415.0,415.0899963378906,415.0899963378906,71430000,-1
2020-10-05,423.3500061035156,433.6400146484375,419.3299865722656,425.6799926757813,425.6799926757813,44722800,-1
2020-10-06,423.7900085449219,428.7799987792969,406.0499877929688,413.9800109863281,413.9800109863281,49146300,-1
2020-10-07,419.8699951171875,429.8999938964844,413.8500061035156,425.2999877929688,425.2999877929688,43127700,1
2020-10-08,438.4400024414063,439.0,425.2999877929688,425.9200134277344,425.9200134277344,40421100,-1
2020-10-09,430.1300048828125,434.5899963378906,426.4599914550781,434.0,434.0,28925700,1
2020-10-12,442.0,448.739990234375,438.5799865722656,442.2999877929688,442.2999877929688,38791100,1
2020-10-13,443.3500061035156,448.8900146484375,436.6000061035156,446.6499938964844,446.6499938964844,34463700,1
2020-10-14,449.7799987792969,465.8999938964844,447.3500061035156,461.2999877929688,461.2999877929688,47879700,1
2020-10-15,450.30999755859375,456.5700073242188,442.5,448.8800048828125,448.8800048828125,35672400,-1
2020-10-16,454.4400024414063,455.9500122070313,438.8500061035156,439.6700134277344,439.6700134277344,32775900,-1
2020-10-19,446.239990234375,447.0,428.8699951171875,430.8299865722656,430.8299865722656,36287800,-1
2020-10-20,431.75,431.75,419.0499877929688,421.9400024414063,421.9400024414063,31656300,-1
2020-10-21,422.7000122070313,432.9500122070313,421.25,422.6400146484375,422.6400146484375,32370500,1
2020-10-22,441.9200134277344,445.2300109863281,424.510009765625,425.7900085449219,425.7900085449219,39993200,-1
2020-10-23,421.8399963378906,422.8900146484375,407.3800048828125,420.6300048828125,420.6300048828125,33717000,-1
2020-10-26,411.6300048828125,425.760009765625,410.0,420.2799987792969,420.2799987792969,28239200,-1
2020-10-27,423.760009765625,430.5,420.1000061035156,424.6799926757813,424.6799926757813,22686500,1
2020-10-28,416.4800109863281,418.6000061035156,406.0,406.0199890136719,406.0199890136719,25451400,-1
2020-10-29,409.9599914550781,418.05999755859375,406.4599914550781,410.8299865722656,410.8299865722656,22655300,1
2020-10-30,406.8999938964844,407.5899963378906,379.1099853515625,388.0400085449219,388.0400085449219,42511300,-1
2020-11-02,394.0,406.9800109863281,392.2999877929688,400.510009765625,400.510009765625,29021100,1
2020-11-03,409.7300109863281,427.7699890136719,406.6900024414063,423.8999938964844,423.8999938964844,34351700,1
2020-11-04,430.6199951171875,435.3999938964844,417.1000061035156,420.9800109863281,420.9800109863281,32143100,-1
2020-11-05,428.2999877929688,440.0,424.0,438.0899963378906,438.0899963378906,28414500,1
2020-11-06,436.1000061035156,436.5700073242188,424.2799987792969,429.9500122070313,429.9500122070313,21706000,-1
2020-11-09,439.5,452.5,421.0,421.260009765625,421.260009765625,34833000,-1
2020-11-10,420.0899963378906,420.0899963378906,396.0299987792969,410.3599853515625,410.3599853515625,30284200,-1
2020-11-11,416.4500122070313,418.7000122070313,410.5799865722656,417.1300048828125,417.1300048828125,17357700,1
2020-11-12,415.0499877929688,423.0,409.5199890136719,411.760009765625,411.760009765625,19855100,-1
2020-11-13,410.8500061035156,412.5299987792969,401.6600036621094,408.5,408.5,19771100,-1
2020-11-16,408.9299926757813,412.4500122070313,404.0899963378906,408.0899963378906,408.0899963378906,26838600,-1
2020-11-17,460.1700134277344,462.0,433.010009765625,441.6099853515625,441.6099853515625,61188300,1
2020-11-18,448.3500061035156,496.0,443.5,486.6400146484375,486.6400146484375,78044000,1
2020-11-19,492.0,508.6099853515625,487.5700073242188,499.2699890136719,499.2699890136719,62475300,1
2020-11-20,497.989990234375,502.5,489.05999755859375,489.6099853515625,489.6099853515625,32911900,-1
2020-11-23,503.5,526.0,501.7900085449219,521.8499755859375,521.8499755859375,50260300,1
2020-11-24,540.4000244140625,559.989990234375,526.2000122070311,555.3800048828125,555.3800048828125,53648500,1
2020-11-25,550.0599975585939,574.0,545.3699951171875,574.0,574.0,48930200,1
2020-11-27,581.1599731445312,598.780029296875,578.4500122070312,585.760009765625,585.760009765625,37561100,1
2020-11-30,602.2100219726562,607.7999877929688,554.510009765625,567.5999755859375,567.5999755859375,63003100,-1
2020-12-01,597.5900268554688,597.8499755859375,572.0499877929688,584.760009765625,584.760009765625,40103500,1
2020-12-02,556.4400024414061,571.5399780273438,541.2100219726561,568.8200073242188,568.8200073242188,47775700,-1
2020-12-03,590.02001953125,598.969970703125,582.4299926757812,593.3800048828125,593.3800048828125,42552000,1
2020-12-04,591.010009765625,599.0399780273438,585.5,599.0399780273438,599.0399780273438,29401300,1
2020-12-07,604.9199829101562,648.7899780273438,603.0499877929688,641.760009765625,641.760009765625,56309700,1
2020-12-08,625.510009765625,651.280029296875,618.5,649.8800048828125,649.8800048828125,64265000,1
2020-12-09,653.6900024414062,654.3200073242188,588.0,604.47998046875,604.47998046875,71291200,-1
2020-12-10,574.3699951171875,627.75,566.3400268554688,627.0700073242188,627.0700073242188,67083200,1
2020-12-11,615.010009765625,624.0,596.7999877929688,609.989990234375,609.989990234375,46475000,-1
2020-12-14,619.0,642.75,610.2000122070312,639.8300170898438,639.8300170898438,52040600,1
2020-12-15,643.280029296875,646.9000244140625,623.7999877929688,633.25,633.25,45071500,-1
2020-12-16,628.22998046875,632.5,605.0,622.77001953125,622.77001953125,42095800,-1
2020-12-17,628.1900024414062,658.8200073242188,619.5,655.9000244140625,655.9000244140625,56270100,1
2020-12-18,668.9000244140625,695.0,628.5399780273438,695.0,695.0,222126200,1
2020-12-21,666.239990234375,668.5,646.0700073242188,649.8599853515625,649.8599853515625,58045300,-1
2020-12-22,648.0,649.8800048828125,614.22998046875,640.3400268554688,640.3400268554688,51716000,-1
2020-12-23,632.2000122070312,651.5,622.5700073242188,645.97998046875,645.97998046875,33173000,1
2020-12-24,642.989990234375,666.0900268554688,641.0,661.77001953125,661.77001953125,22865600,1
2020-12-28,674.510009765625,681.4000244140625,660.7999877929688,663.6900024414062,663.6900024414062,32278600,1
2020-12-29,661.0,669.9000244140625,655.0,665.989990234375,665.989990234375,22910800,1
2020-12-30,672.0,696.5999755859375,668.3599853515625,694.780029296875,694.780029296875,42846000,1
2020-12-31,699.989990234375,718.719970703125,691.1199951171875,705.6699829101562,705.6699829101562,49649900,1
2021-01-04,719.4600219726562,744.489990234375,717.1900024414062,729.77001953125,729.77001953125,48638200,1
2021-01-05,723.6599731445312,740.8400268554688,719.2000122070312,735.1099853515625,735.1099853515625,32245200,1
2021-01-06,758.489990234375,774.0,749.0999755859375,755.97998046875,755.97998046875,44700000,1
2021-01-07,777.6300048828125,816.989990234375,775.2000122070312,816.0399780273438,816.0399780273438,51498900,1
2021-01-08,856.0,884.489990234375,838.3900146484375,880.02001953125,880.02001953125,75055500,1
2021-01-11,849.4000244140625,854.4299926757812,803.6199951171875,811.1900024414062,811.1900024414062,59301600,-1
2021-01-12,831.0,868.0,827.3400268554688,849.4400024414062,849.4400024414062,46270700,1
2021-01-13,852.760009765625,860.469970703125,832.0,854.4099731445312,854.4099731445312,33312500,1
2021-01-14,843.3900146484375,863.0,838.75,845.0,845.0,31266300,1
2021-01-15,852.0,859.9000244140625,819.0999755859375,826.1599731445312,826.1599731445312,38777600,-1
2021-01-19,837.7999877929688,850.0,833.0,844.5499877929688,844.5499877929688,25367000,1
2021-01-20,858.739990234375,859.5,837.280029296875,850.4500122070312,850.4500122070312,25665900,1
2021-01-21,855.0,855.719970703125,841.4199829101562,844.989990234375,844.989990234375,20521100,-1
2021-01-22,834.3099975585938,848.0,828.6199951171875,846.6400146484375,846.6400146484375,20066500,1
2021-01-25,855.0,900.4000244140625,838.8200073242188,880.7999877929688,880.7999877929688,41173400,1
2021-01-26,891.3800048828125,895.9000244140625,871.5999755859375,883.0900268554688,883.0900268554688,23131600,1
2021-01-27,870.3499755859375,891.5,858.6599731445312,864.1599731445312,864.1599731445312,27334000,-1
2021-01-28,820.0,848.0,801.0,835.4299926757812,835.4299926757812,26378000,-1
2021-01-29,830.0,842.4099731445312,780.0999755859375,793.530029296875,793.530029296875,34990800,-1
2021-02-01,814.2899780273438,842.0,795.5599975585938,839.8099975585938,839.8099975585938,25391400,1
2021-02-02,844.6799926757812,880.5,842.2000122070312,872.7899780273438,872.7899780273438,24346200,1
2021-02-03,877.02001953125,878.0800170898438,853.0599975585938,854.6900024414062,854.6900024414062,18343500,-1
2021-02-04,855.0,856.5,833.4199829101562,849.989990234375,849.989990234375,15812700,-1
2021-02-05,845.0,864.77001953125,838.969970703125,852.22998046875,852.22998046875,18566600,-1
2021-02-08,869.6699829101562,877.77001953125,854.75,863.4199829101562,863.4199829101562,20161700,-1
2021-02-09,855.1199951171875,859.7999877929688,841.75,849.4600219726562,849.4600219726562,15157700,-1
2021-02-10,843.6400146484375,844.8200073242188,800.02001953125,804.8200073242188,804.8200073242188,36216100,-1
2021-02-11,812.4400024414062,829.8800048828125,801.72998046875,811.6599731445312,811.6599731445312,21622800,1
2021-02-12,801.260009765625,817.3300170898438,785.3300170898438,816.1199951171875,816.1199951171875,23768300,1
2021-02-16,818.0,821.0,792.4400024414062,796.219970703125,796.219970703125,19802300,-1
2021-02-17,779.0900268554688,799.8400268554688,762.010009765625,798.1500244140625,798.1500244140625,25996500,1
2021-02-18,780.9000244140625,794.6900024414062,776.27001953125,787.3800048828125,787.3800048828125,17957100,-1
2021-02-19,795.0,796.7899780273438,777.3699951171875,781.2999877929688,781.2999877929688,18958300,-1
2021-02-22,762.6400146484375,768.5,710.2000122070312,714.5,714.5,37269700,-1
2021-02-23,662.1300048828125,713.6099853515625,619.0,698.8400268554688,698.8400268554688,66606900,-1
2021-02-24,711.8499755859375,745.0,694.1699829101562,742.02001953125,742.02001953125,36767000,1
2021-02-25,726.1500244140625,737.2100219726562,670.5800170898438,682.219970703125,682.219970703125,39023900,-1
2021-02-26,700.0,706.7000122070312,659.510009765625,675.5,675.5,41089200,-1
2021-03-01,690.1099853515625,719.0,685.0499877929688,718.4299926757812,718.4299926757812,27136200,1
2021-03-02,718.280029296875,721.1099853515625,685.0,686.4400024414062,686.4400024414062,23732200,-1
2021-03-03,687.989990234375,700.7000122070312,651.7100219726562,653.2000122070312,653.2000122070312,30208000,-1
2021-03-04,655.7999877929688,668.4500122070312,600.0,621.4400024414062,621.4400024414062,65919500,-1
2021-03-05,626.0599975585938,627.8400268554688,539.489990234375,597.9500122070312,597.9500122070312,89396500,-1
2021-03-08,600.5499877929688,620.1300048828125,558.7899780273439,563.0,563.0,51787000,-1
2021-03-09,608.1799926757812,678.0900268554688,595.2100219726562,673.5800170898438,673.5800170898438,67523300,1
2021-03-10,700.2999877929688,717.8499755859375,655.0599975585938,668.0599975585938,668.0599975585938,60605700,-1
2021-03-11,699.4000244140625,702.5,677.1799926757812,699.5999755859375,699.5999755859375,36253900,1
2021-03-12,670.0,694.8800048828125,666.1400146484375,693.72998046875,693.72998046875,33583800,1
2021-03-15,694.0900268554688,713.1799926757812,684.0399780273438,707.9400024414062,707.9400024414062,29335600,1
2021-03-16,703.3499755859375,707.9199829101562,671.0,676.8800048828125,676.8800048828125,32195700,-1
2021-03-17,656.8699951171875,703.72998046875,651.010009765625,701.8099975585938,701.8099975585938,40372500,1
2021-03-18,684.2899780273438,689.22998046875,652.0,653.1599731445312,653.1599731445312,33224800,-1
2021-03-19,646.5999755859375,657.22998046875,624.6199951171875,654.8699951171875,654.8699951171875,42894000,1
2021-03-22,684.5900268554688,699.6199951171875,668.75,670.0,670.0,39512200,1
2021-03-23,675.77001953125,677.7999877929688,657.510009765625,662.1599731445312,662.1599731445312,30491900,-1
2021-03-24,667.9099731445312,668.02001953125,630.1099853515625,630.27001953125,630.27001953125,33795200,-1
2021-03-25,613.0,645.5,609.5,640.3900146484375,640.3900146484375,39224900,1
2021-03-26,641.8699951171875,643.8200073242188,599.8900146484375,618.7100219726562,618.7100219726562,33852800,-1
2021-03-29,615.6400146484375,616.47998046875,596.02001953125,611.2899780273438,611.2899780273438,28637000,-1
2021-03-30,601.75,637.6599731445312,591.010009765625,635.6199951171875,635.6199951171875,39432400,1
2021-03-31,646.6199951171875,672.0,641.1099853515625,667.9299926757812,667.9299926757812,33337300,1
2021-04-01,688.3699951171875,692.4199829101562,659.4199829101562,661.75,661.75,35298400,-1
2021-04-05,707.7100219726562,708.1599731445312,684.7000122070312,691.0499877929688,691.0499877929688,41842800,1
2021-04-06,690.2999877929688,696.5499877929688,681.3699951171875,691.6199951171875,691.6199951171875,28271800,1
2021-04-07,687.0,691.3800048828125,667.8400268554688,670.969970703125,670.969970703125,26309400,-1
2021-04-08,677.3800048828125,689.5499877929688,671.6500244140625,683.7999877929688,683.7999877929688,23924300,1
2021-04-09,677.77001953125,680.969970703125,669.4299926757812,677.02001953125,677.02001953125,21437100,-1
2021-04-12,685.7000122070312,704.7999877929688,682.0900268554688,701.97998046875,701.97998046875,29135700,1
2021-04-13,712.7000122070312,763.0,710.6599731445312,762.3200073242188,762.3200073242188,44652800,1
2021-04-14,770.7000122070312,780.7899780273438,728.030029296875,732.22998046875,732.22998046875,49017400,-1
2021-04-15,743.0999755859375,743.6900024414062,721.3099975585938,738.8499755859375,738.8499755859375,27848900,1
2021-04-16,728.6500244140625,749.4099731445312,724.5999755859375,739.780029296875,739.780029296875,27979500,1
2021-04-19,719.5999755859375,725.4000244140625,691.7999877929688,714.6300048828125,714.6300048828125,39686200,-1
2021-04-20,717.4199829101562,737.25,710.6900024414062,718.989990234375,718.989990234375,35609000,1
2021-04-21,704.77001953125,744.8400268554688,698.0,744.1199951171875,744.1199951171875,31215500,1
2021-04-22,741.5,753.77001953125,718.0399780273438,719.6900024414062,719.6900024414062,35590300,-1
2021-04-23,719.7999877929688,737.3599853515625,715.4600219726562,729.4000244140625,729.4000244140625,28370000,1
2021-04-26,741.0,749.2999877929688,732.6099853515625,738.2000122070312,738.2000122070312,31038500,1
2021-04-27,717.9600219726562,724.0,703.3499755859375,704.739990234375,704.739990234375,29437000,-1
2021-04-28,696.4099731445312,708.5,693.5999755859375,694.4000244140625,694.4000244140625,22271000,-1
2021-04-29,699.510009765625,702.25,668.5,677.0,677.0,28845400,-1
2021-04-30,667.5900268554688,715.469970703125,666.1400146484375,709.4400024414062,709.4400024414062,40758700,1
2021-05-03,703.7999877929688,706.0,680.5,684.9000244140625,684.9000244140625,27043100,-1
2021-05-04,678.9400024414062,683.4500122070312,657.7000122070312,673.5999755859375,673.5999755859375,29739300,-1
2021-05-05,681.0599975585938,685.2999877929688,667.3400268554688,670.9400024414062,670.9400024414062,21901900,-1
2021-05-06,680.760009765625,681.02001953125,650.0,663.5399780273438,663.5399780273438,27784600,-1
2021-05-07,665.7999877929688,690.0,660.219970703125,672.3699951171875,672.3699951171875,23469200,1
2021-05-10,664.9000244140625,665.0499877929688,627.6099853515625,629.0399780273438,629.0399780273438,31392400,-1
2021-05-11,599.239990234375,627.0999755859375,595.5999755859375,617.2000122070312,617.2000122070312,46503900,-1
2021-05-12,602.489990234375,620.4099731445312,586.77001953125,589.8900146484375,589.8900146484375,33823600,-1
2021-05-13,601.5399780273438,606.4600219726562,559.6500244140625,571.6900024414062,571.6900024414062,44184900,-1
2021-05-14,583.4099731445312,592.8699951171875,570.4600219726562,589.739990234375,589.739990234375,33370900,1
2021-05-17,575.5499877929688,589.72998046875,561.2000122070311,576.8300170898438,576.8300170898438,32390400,-1
2021-05-18,568.0,596.25,563.3800048828125,577.8699951171875,577.8699951171875,36830600,1
2021-05-19,552.5499877929689,566.2100219726562,546.97998046875,563.4600219726562,563.4600219726562,39578400,1
2021-05-20,575.0,588.8499755859375,571.0700073242188,586.780029296875,586.780029296875,30821100,1
2021-05-21,596.1099853515625,596.6799926757812,580.0,580.8800048828125,580.8800048828125,26030600,-1
2021-05-24,581.5999755859375,614.47998046875,573.6500244140625,606.4400024414062,606.4400024414062,34558100,1
2021-05-25,607.3099975585938,613.989990234375,595.7100219726562,604.6900024414062,604.6900024414062,28005900,-1
2021-05-26,607.5599975585938,626.1699829101562,601.5,619.1300048828125,619.1300048828125,28639300,1
2021-05-27,620.239990234375,631.1300048828125,616.2100219726562,630.8499755859375,630.8499755859375,26370600,1
2021-05-28,628.5,635.5900268554688,622.3800048828125,625.219970703125,625.219970703125,22737000,-1
2021-06-01,627.7999877929688,633.7999877929688,620.5499877929688,623.9000244140625,623.9000244140625,18084900,-1
2021-06-02,620.1300048828125,623.3599853515625,599.1400146484375,605.1199951171875,605.1199951171875,23302800,-1
